Date,Symbol,Open,High,Low,Close,Volume From,Volume To
2016-03-03,ETHJPY,890,1300,890,1098.99,1297.04,1389493.66
2016-03-04,ETHJPY,1098.99,1099,600,1099,746.8,746679.27
2016-03-05,ETHJPY,1099,1300,1060.01,1300,2589.86,3033405.92
2016-03-06,ETHJPY,1300,1300,1249.99,1299.99,532.2,675615.96
2016-03-07,ETHJPY,1299.99,1300,1100,1100,773.84,900632.56
2016-03-08,ETHJPY,1100,1250,1005,1230,653.97,751824.41
2016-03-09,ETHJPY,1230,1300,1170,1300,1282.81,1576555.82
2016-03-10,ETHJPY,1300,1350,1190,1300,780.66,997096.65
2016-03-11,ETHJPY,1300,1349.99,1200,1220,1629,2045702.48
2016-03-12,ETHJPY,1220,1500,1220,1500,788,1069500
2016-03-13,ETHJPY,1500,1600,1500,1600,40,64000
2016-03-14,ETHJPY,1600,1699.99,1370,1699.99,1773.02,2514229.54
2016-03-15,ETHJPY,1699.99,1699.99,1401,1401,2345.7,3391272.9
2016-03-16,ETHJPY,1401,1500,1401,1500,1845.2,2754096
2016-03-17,ETHJPY,1500,1700,1250,1500,6518.14,9210488.84
2016-03-18,ETHJPY,1500,1500,1005,1400,3084.99,3681677.75
2016-03-19,ETHJPY,1400,1500,1400,1500,100,149999.02
2016-03-20,ETHJPY,1500,1500,1499.99,1499.99,20,29999.8
2016-03-21,ETHJPY,1499.99,1499.99,1449.99,1449.99,0.001,1.45
2016-03-22,ETHJPY,1449.99,1499.99,1449.99,1499.99,0.001,1.5
2016-03-23,ETHJPY,1499.99,1500,1350,1350,240,353999
2016-03-24,ETHJPY,1350,1500,1350,1399.99,480,660001.4
2016-03-25,ETHJPY,1399.99,1400,1250,1400,240,316000.4
2016-03-26,ETHJPY,1400,1400,1399.99,1399.99,0.001,1.4
2016-03-27,ETHJPY,1399.99,1399.99,1200,1200,420,504001.4
2016-03-28,ETHJPY,1200,1399.99,1200,1399.99,520,656001.4
2016-03-29,ETHJPY,1399.99,1399.99,1399.99,1399.99,0.001,1.4
2016-03-30,ETHJPY,1399.99,1399.99,1399.99,1399.99,0.001,1.4
2016-03-31,ETHJPY,1399.99,1400,1399.99,1399.99,158,221200.82
2016-04-01,ETHJPY,1399.99,1399.99,1399.99,1399.99,0.001,1.4
2016-04-02,ETHJPY,1399.99,1399.99,1300,1300,40,52201.4
2016-04-03,ETHJPY,1300,1399.99,1300,1399.99,0.001,1.4
2016-04-04,ETHJPY,1399.99,1399.99,1250,1293.73,100.02,126628.37
2016-04-05,ETHJPY,1293.73,1400,1200,1200,89.28,111839.5
2016-04-06,ETHJPY,1200,1299.99,1110.01,1299.99,1.04,1233.23
2016-04-07,ETHJPY,1299.99,1299.99,1299.99,1299.99,0.001,1.3
2016-04-08,ETHJPY,1299.99,1299.99,1070,1109.99,444,480040.87
2016-04-09,ETHJPY,1109.99,1110,1109.99,1109.99,362.5,402372.29
2016-04-10,ETHJPY,1109.99,1110,900,1000,1273.95,1208985.12
2016-04-11,ETHJPY,1000,1109.99,1000,1109.99,0.0002,0.222
2016-04-12,ETHJPY,1109.99,1109.99,850,850,200.6,180510.22
2016-04-13,ETHJPY,850,1100,785,1097,379.03,313760.98
2016-04-14,ETHJPY,1097,1097,1097,1097,0.0002,0.2194
2016-04-15,ETHJPY,1097,1097,1000,1000,0.0002,0.2
2016-04-16,ETHJPY,1000,1000,1000,1000,0.0002,0.2
2016-04-17,ETHJPY,1000,1095.99,1000,1095.99,0.9998,999.82
2016-04-18,ETHJPY,1095.99,1095.99,1095.99,1095.99,0.0002,0.2192
2016-04-19,ETHJPY,1095.99,1095.99,1095.99,1095.99,0.0002,0.2192
2016-04-20,ETHJPY,1106,1106,801,1095.99,2,1897.21
2016-04-21,ETHJPY,1095.99,1095.99,850,850,10,8499.83
2016-04-22,ETHJPY,850,850,850,850,0,0
2016-04-23,ETHJPY,850,850,850,850,0,0
2016-04-24,ETHJPY,850,850,750,750,40,30001
2016-04-25,ETHJPY,750,850,750,850,200,170000
2016-04-26,ETHJPY,850,850,850,850,0,0
2016-04-27,ETHJPY,850,850,850,850,0,0
2016-04-28,ETHJPY,850,850,850,850,0,0
2016-04-29,ETHJPY,850,850,850,850,0,0
2016-04-30,ETHJPY,850,850,850,850,0,0
2016-05-01,ETHJPY,850,850,850,850,0,0
2016-05-02,ETHJPY,850,1099.99,850,1099.99,0.862,948.19
2016-05-03,ETHJPY,1099.99,1099.99,1099.99,1099.99,0,0
2016-05-04,ETHJPY,1099.99,1099.99,1099.99,1099.99,0,0
2016-05-05,ETHJPY,1099.99,1099.99,1099.99,1099.99,0,0
2016-05-06,ETHJPY,1099.99,1099.99,1099.99,1099.99,0,0
2016-05-07,ETHJPY,1099.99,1099.99,1099.99,1099.99,0,0
2016-05-08,ETHJPY,1099.99,1099.99,1050,1099.99,2,2100.04
2016-05-09,ETHJPY,1099.99,1099.99,1099.99,1099.99,2.00E-05,0.022
2016-05-10,ETHJPY,1099.99,1099.99,1099.99,1099.99,2.00E-05,0.022
2016-05-11,ETHJPY,1099.99,1100,1099.99,1100,180,197999.83
2016-05-12,ETHJPY,1100,1200,1100,1200,63.4,70044.22
2016-05-13,ETHJPY,1200,1200,1180,1200,30.64,36155.22
2016-05-14,ETHJPY,1200,1200,1199.99,1199.99,2.00E-05,0.024
2016-05-15,ETHJPY,1199.99,1200,1199.99,1200,20,23999.82
2016-05-16,ETHJPY,1200,1200,1200,1200,200,239999.9
2016-05-17,ETHJPY,1200,1320,1200,1320,200,262000
2016-05-18,ETHJPY,1320,1500,1320,1500,720.94,1053426.7
2016-05-19,ETHJPY,1500,1500,1500,1500,1670,2504997.87
2016-05-20,ETHJPY,1500,1699.99,1200,1699.99,1559.91,2455852.23
2016-05-21,ETHJPY,1699.99,1699.99,1699.99,1699.99,2.00E-05,0.034
2016-05-22,ETHJPY,1699.99,1699.99,1699.99,1699.99,0,0
2016-05-23,ETHJPY,1699.99,1699.99,1699.99,1699.99,0,0
2016-05-24,ETHJPY,1699.99,1699.99,1699.99,1699.99,3.4,5779.97
2016-05-25,ETHJPY,1699.99,1699.99,1699.99,1699.99,0,0
2016-05-26,ETHJPY,1699.99,1699.99,1699.99,1699.99,1.92,3263.98
2016-05-27,ETHJPY,1699.99,1699.99,1699.99,1699.99,0,0
2016-05-28,ETHJPY,1699.99,1699.99,1150,1599.99,40,55006.2
2016-05-29,ETHJPY,1599.99,1599.99,1150,1150,4,5499.98
2016-05-30,ETHJPY,1599.99,1599.99,1400,1400,1260,1859000
2016-05-31,ETHJPY,1400,1500,1400,1500,30,45000
2016-06-01,ETHJPY,1500,1500,1500,1500,0,0
2016-06-02,ETHJPY,1500,1500,1500,1500,0,0
2016-06-03,ETHJPY,1500,1500,1500,1500,0,0
2016-06-04,ETHJPY,1500,1500,1500,1500,0,0
2016-06-05,ETHJPY,1500,1599.99,1500,1599.99,20,31999.8
2016-06-06,ETHJPY,1599.99,1599.99,1599.99,1599.99,0,0
2016-06-07,ETHJPY,1599.99,1599.99,1500,1500,200,300000
2016-06-08,ETHJPY,1500,1550,1500,1550,200,310000
2016-06-09,ETHJPY,1550,1550,1550,1550,0,0
2016-06-10,ETHJPY,1550,1550,1550,1550,0,0
2016-06-11,ETHJPY,1550,1550,1550,1550,0,0
2016-06-12,ETHJPY,1550,1600,1550,1600,210.76,337215.89
2016-06-13,ETHJPY,1600,1700,1600,1700,38,64600
2016-06-14,ETHJPY,1700,1800,1700,1800,80,144000
2016-06-15,ETHJPY,1800,1850,1800,1850,20,37000
2016-06-16,ETHJPY,1850,2899.99,1825,2180.06,214.14,445558.17
2016-06-17,ETHJPY,2180.06,2218,1150,1577.48,8008.58,14138664.74
2016-06-18,ETHJPY,1577.48,1616.05,1066.86,1198.37,54665.44,70114980.23
2016-06-19,ETHJPY,1198.37,1368.98,1104.58,1297.83,103800.45,133387076.5
2016-06-20,ETHJPY,1297.83,1307.88,1109.21,1237.23,90812.39,109351455.2
2016-06-21,ETHJPY,1242.22,1350,1169.31,1344.77,201593.39,257150213.4
2016-06-22,ETHJPY,1344.77,1741.56,1090,1425.81,2615103.84,4079683615
2016-06-23,ETHJPY,1425.81,1502.66,1372.39,1497.74,202580.49,293827855.8
2016-06-24,ETHJPY,1497.74,1497.74,1349.9,1418.95,12975.48,17828530.01
2016-06-25,ETHJPY,1418.95,1426.85,1418.95,1426.85,2,2853.69
2016-06-26,ETHJPY,1426.85,1440.95,1400.26,1416.74,894,1268951.09
2016-06-27,ETHJPY,1416.74,1436.37,1391.86,1391.86,334.98,474068.59
2016-06-28,ETHJPY,1391.86,1446.07,1199.51,1199.51,3890.67,4943819.2
2016-06-29,ETHJPY,1199.51,1240.4,1196.99,1196.99,400,491822.4
2016-06-30,ETHJPY,1196.99,1296.33,1196.99,1296.33,60,77779.61
2016-07-01,ETHJPY,1296.33,1296.33,1296.33,1296.33,0,0
2016-07-02,ETHJPY,1296.33,1296.33,1246.66,1252.09,10,12510.05
2016-07-03,ETHJPY,1252.09,1252.09,1199.9,1233.22,114,140226.21
2016-07-04,ETHJPY,1233.22,1233.22,1190,1190,329.7,394343
2016-07-05,ETHJPY,1190,1190,1022.7,1032.41,2270.2,2452927.3
2016-07-06,ETHJPY,1032.41,1116.73,1032.41,1059.4,1560,1678324.18
2016-07-07,ETHJPY,1059.4,1059.4,993.88,993.88,300,299388.31
2016-07-08,ETHJPY,993.88,1156.35,993.88,1156.35,770.07,850173.43
2016-07-09,ETHJPY,1156.35,1156.35,1076.86,1092.64,3729.67,4221937.01
2016-07-10,ETHJPY,1092.64,1100,1092.64,1100,1000,1100000
2016-07-11,ETHJPY,1100,1111.81,1064.76,1072.88,761,830290.57
2016-07-12,ETHJPY,1072.88,1112.63,1070.13,1100.16,691.14,751430.73
2016-07-13,ETHJPY,1100.16,1101,1089.96,1089.96,106,115591.9
2016-07-14,ETHJPY,1089.96,1231.36,1087.77,1208.52,13103.93,15637764.8
2016-07-15,ETHJPY,1208.52,1307.51,1204.91,1252.4,14880,18831527.67
2016-07-16,ETHJPY,1252.4,1259.74,1231.92,1233.78,7373.77,9203540.94
2016-07-17,ETHJPY,1233.78,1233.78,1160.38,1160.38,3248.06,3897635.5
2016-07-18,ETHJPY,1160.38,1230.58,1160.38,1175.7,1230.81,1488447.05
2016-07-19,ETHJPY,1175.7,1287.85,1172.57,1245.86,30794.55,37427838.92
2016-07-20,ETHJPY,1244.29,1381.44,1227.24,1336.75,112802.83,149152763.1
2016-07-21,ETHJPY,1336.75,1350.04,1278.65,1331.26,58942.42,77874045.03
2016-07-22,ETHJPY,1331.26,1581.23,1328.89,1565.87,92623.88,131244273
2016-07-23,ETHJPY,1565.87,1576.38,1483.77,1516.43,44512.52,68200301.48
2016-07-24,ETHJPY,1516.43,1527.77,1319.15,1371.09,59519.47,86866140.55
2016-07-25,ETHJPY,1371.09,1460,1358.25,1460,2509.59,3568760.49
2016-07-26,ETHJPY,1460,1460,1251.66,1282.26,10566.84,13724529.11
2016-07-27,ETHJPY,1282.26,1389.57,1236.69,1371.85,8359.57,10957292.77
2016-07-28,ETHJPY,1371.85,1371.85,1318.96,1341.96,9141.04,12226296.95
2016-07-29,ETHJPY,1341.96,1344,1307.14,1322.69,24479.21,32397072.18
2016-07-30,ETHJPY,1322.69,1322.69,1282.29,1283.03,27751.3,35923810.2
2016-07-31,ETHJPY,1283.03,1284.72,1189.32,1225,15933.01,19777846.63
2016-08-01,ETHJPY,1225,1225,1150.08,1150.08,2230.7,2686730.17
2016-08-02,ETHJPY,1150.08,1150.08,816,816,35756.32,36883189.62
2016-08-03,ETHJPY,816,1181.74,600,1181.74,1051.3,746726.89
2016-08-04,ETHJPY,1181.74,1181.74,1181.74,1181.74,0,0
2016-08-05,ETHJPY,1181.74,1181.74,1181.74,1181.74,0,0
2016-08-06,ETHJPY,1181.74,1181.74,1181.74,1181.74,0,0
2016-08-07,ETHJPY,1181.74,1181.74,1181.74,1181.74,0,0
2016-08-08,ETHJPY,1181.74,1181.74,1181.74,1181.74,0,0
2016-08-09,ETHJPY,1181.74,1181.74,1181.74,1181.74,0,0
2016-08-10,ETHJPY,1181.74,1181.74,1181.74,1181.74,0,0
2016-08-11,ETHJPY,1181.74,1181.74,1181.74,1181.74,0,0
2016-08-12,ETHJPY,1181.74,1181.74,1181.74,1181.74,0,0
2016-08-13,ETHJPY,1181.74,1181.74,1181.74,1181.74,0,0
2016-08-14,ETHJPY,1181.74,1181.74,1181.74,1181.74,0,0
2016-08-15,ETHJPY,1181.74,1181.74,1181.74,1181.74,0,0
2016-08-16,ETHJPY,1181.74,1181.74,1181.74,1181.74,0,0
2016-08-17,ETHJPY,1181.74,1181.74,1181.74,1181.74,0,0
2016-08-18,ETHJPY,1181.74,1181.74,1181.74,1181.74,0,0
2016-08-19,ETHJPY,1181.74,1181.74,1181.74,1181.74,0,0
2016-08-20,ETHJPY,1181.74,1181.74,1181.74,1181.74,0,0
2016-08-21,ETHJPY,1181.74,1181.74,1181.74,1181.74,0,0
2016-08-22,ETHJPY,1181.74,1181.74,1181.74,1181.74,0,0
2016-08-23,ETHJPY,1181.74,1181.74,1181.74,1181.74,0,0
2016-08-24,ETHJPY,1181.74,1181.74,1181.74,1181.74,0,0
2016-08-25,ETHJPY,1181.74,1181.74,1181.74,1181.74,0,0
2016-08-26,ETHJPY,1181.74,1181.74,1181.74,1181.74,0,0
2016-08-27,ETHJPY,1181.74,1181.74,1181.74,1181.74,0,0
2016-08-28,ETHJPY,1181.74,1181.74,1181.74,1181.74,0,0
2016-08-29,ETHJPY,1181.74,1181.74,1181.74,1181.74,0,0
2016-08-30,ETHJPY,1181.74,1181.74,1181.74,1181.74,0,0
2016-08-31,ETHJPY,1181.74,1181.74,1181.74,1181.74,0,0
2016-09-01,ETHJPY,1181.74,1181.74,1181.74,1181.74,0,0
2016-09-02,ETHJPY,1181.74,1181.74,1181.74,1181.74,0,0
2016-09-03,ETHJPY,1181.74,1181.74,1181.74,1181.74,0,0
2016-09-04,ETHJPY,1181.74,1181.74,1181.74,1181.74,0,0
2016-09-05,ETHJPY,1181.74,1181.74,1181.74,1181.74,0,0
2016-09-06,ETHJPY,1181.74,1181.74,1181.74,1181.74,0,0
2016-09-07,ETHJPY,1181.74,1181.74,1181.74,1181.74,0,0
2016-09-08,ETHJPY,1181.74,1181.74,1181.74,1181.74,0,0
2016-09-09,ETHJPY,1181.74,1181.74,1181.74,1181.74,0,0
2016-09-10,ETHJPY,1181.74,1181.74,1181.74,1181.74,0,0
2016-09-11,ETHJPY,1181.74,1181.74,1181.74,1181.74,0,0
2016-09-12,ETHJPY,1181.74,1181.74,1181.74,1181.74,0,0
2016-09-13,ETHJPY,1181.74,1241.25,1181.74,1241.25,108.4,134168.67
2016-09-14,ETHJPY,1241.25,1241.25,1217.56,1217.56,2066,2516813.24
2016-09-15,ETHJPY,1217.56,1250.31,1217.09,1217.09,476,586586.08
2016-09-16,ETHJPY,1217.09,1310.62,1217.09,1286.08,806.13,1039419.97
2016-09-17,ETHJPY,1286.08,1298.6,1286.08,1298.6,60,77916
2016-09-18,ETHJPY,1298.6,1314.51,1265.64,1288.23,3177.43,4140544.91
2016-09-19,ETHJPY,1288.23,1319.38,1288.23,1314.88,2,2631.58
2016-09-20,ETHJPY,1314.88,1437.13,1314.88,1430,1966,2794709.55
2016-09-21,ETHJPY,1430,1454.61,1430,1445.45,177,255490.61
2016-09-22,ETHJPY,1445.45,1445.45,1341.95,1344.48,602,808629.12
2016-09-23,ETHJPY,1344.48,1344.48,1344.48,1344.48,0,0
2016-09-24,ETHJPY,1344.48,1344.48,1298.83,1307.7,4,5213.06
2016-09-25,ETHJPY,1307.7,1307.7,1307.7,1307.7,0,0
2016-09-26,ETHJPY,1307.7,1312.37,1299.26,1299.26,81.36,106472.56
2016-09-27,ETHJPY,1299.26,1299.26,1299.26,1299.26,0,0
2016-09-28,ETHJPY,1299.26,1352.71,1299.26,1344.84,386,519598.78
2016-09-29,ETHJPY,1344.84,1344.84,1344.84,1344.84,0,0
2016-09-30,ETHJPY,1344.84,1362.96,1319.72,1329.91,12828.98,17221992.19
2016-10-01,ETHJPY,1329.91,1343.19,1321.62,1343.19,340,450060.58
2016-10-02,ETHJPY,1343.19,1351.6,1343.19,1351.6,300,405480
2016-10-03,ETHJPY,1351.6,1351.6,1351.6,1351.6,0,0
2016-10-04,ETHJPY,1351.6,1377.6,1351.6,1377.6,210,288235.16
2016-10-05,ETHJPY,1377.6,1377.6,1369.84,1369.84,60,82190.29
2016-10-06,ETHJPY,1369.84,1369.84,1315.39,1324.79,897.77,1186980.04
2016-10-07,ETHJPY,1324.79,1351.7,1297.82,1313,2493.16,3318564.67
2016-10-08,ETHJPY,1313,1313,1242.38,1243.82,435.23,565431.94
2016-10-09,ETHJPY,1243.82,1277.45,1229.37,1229.37,717.87,908658.51
2016-10-10,ETHJPY,1229.37,1229.37,1183.53,1198.71,8879.92,10725929.37
2016-10-11,ETHJPY,1198.71,1279.01,1198.71,1220.74,736.2,915658.12
2016-10-12,ETHJPY,1220.74,1245.17,1220.74,1245.17,109.78,135751.63
2016-10-13,ETHJPY,1245.17,1256.95,1245.17,1256.95,20,25139.05
2016-10-14,ETHJPY,1256.95,1256.95,1249.17,1249.17,13056.76,16375366.29
2016-10-15,ETHJPY,1249.17,1352.71,1197.6,1197.6,115,140141.32
2016-10-16,ETHJPY,1197.6,1197.6,1197.6,1197.6,1,1197.6
2016-10-17,ETHJPY,1197.6,1351.15,1197.6,1287.42,34,45050.31
2016-10-18,ETHJPY,1287.42,1334.43,1198.8,1208.89,196.04,253136.24
2016-10-19,ETHJPY,1208.89,1208.89,1208.89,1208.89,0,0
2016-10-20,ETHJPY,1208.89,1300,1208.89,1300,4,5200
2016-10-21,ETHJPY,1300,1352.71,1195,1195.01,74,90561.06
2016-10-22,ETHJPY,1195.01,1195.01,1195.01,1195.01,0,0
2016-10-23,ETHJPY,1195.01,1195.01,1195.01,1195.01,0,0
2016-10-24,ETHJPY,1195.01,1195.01,1195.01,1195.01,0,0
2016-10-25,ETHJPY,1195.01,1341.1,1195,1293.5,388,491003.67
2016-10-26,ETHJPY,1293.5,1293.5,1293.5,1293.5,0,0
2016-10-27,ETHJPY,1293.5,1293.5,1293.5,1293.5,0,0
2016-10-28,ETHJPY,1293.5,1293.5,1149.3,1150,140.12,161104.77
2016-10-29,ETHJPY,1150,1150,1097.8,1097.8,920,1013514
2016-10-30,ETHJPY,1097.8,1097.8,1097.8,1097.8,0,0
2016-10-31,ETHJPY,1097.8,1097.8,1097.8,1097.8,0,0
2016-11-01,ETHJPY,1097.8,1097.8,1097.8,1097.8,9.1,9989.98
2016-11-02,ETHJPY,1097.8,1097.8,1097.8,1097.8,0,0
2016-11-03,ETHJPY,1097.8,1097.8,1097.8,1097.8,0,0
2016-11-04,ETHJPY,1097.8,1097.8,1097.8,1097.8,0,0
2016-11-05,ETHJPY,1097.8,1097.8,1097.8,1097.8,0,0
2016-11-06,ETHJPY,1097.8,1097.8,1097.8,1097.8,0,0
2016-11-07,ETHJPY,1097.8,1097.8,1097.8,1097.8,0,0
2016-11-08,ETHJPY,1097.8,1097.8,1097.8,1097.8,0,0
2016-11-09,ETHJPY,1097.8,1097.8,1097.8,1097.8,0,0
2016-11-10,ETHJPY,1097.8,1226.43,1020.52,1020.52,221.81,230480.34
2016-11-11,ETHJPY,1020.52,1020.52,1020.52,1020.52,0,0
2016-11-12,ETHJPY,1020.52,1020.52,1020.52,1020.52,0,0
2016-11-13,ETHJPY,1020.52,1020.52,1020.52,1020.52,0,0
2016-11-14,ETHJPY,1020.52,1179.72,1020.52,1179.72,2,2359.44
2016-11-15,ETHJPY,1179.72,1179.72,1179.72,1179.72,0,0
2016-11-16,ETHJPY,1179.72,1179.72,1179.72,1179.72,0,0
2016-11-17,ETHJPY,1179.72,1209.92,1179.72,1197.06,40,48139.67
2016-11-18,ETHJPY,1197.06,1197.06,1197.06,1197.06,0,0
2016-11-19,ETHJPY,1197.06,1197.06,1197.06,1197.06,0,0
2016-11-20,ETHJPY,1197.06,1197.06,1175.98,1175.98,11.6,13641.37
2016-11-21,ETHJPY,1175.98,1175.98,1051.47,1051.47,999.13,1151042.18
2016-11-22,ETHJPY,1051.47,1239.08,1051.47,1198.64,21,25960.08
2016-11-23,ETHJPY,1198.64,1204.14,1198.64,1204.14,166,199875.61
2016-11-24,ETHJPY,1204.14,1204.14,1000,1000,547.8,554383.33
2016-11-25,ETHJPY,900,1157.07,900,1157.07,4,4604.84
2016-11-26,ETHJPY,1157.07,1157.07,1157.07,1157.07,0,0
2016-11-27,ETHJPY,1157.07,1157.07,1123.75,1123.75,180,202275
2016-11-28,ETHJPY,1123.75,1123.75,1000,1000.01,800,800006
2016-11-29,ETHJPY,1000.01,1000.01,918.4,948.1,1581.97,1485181.84
2016-11-30,ETHJPY,948.1,1040.48,915.46,915.46,120,114856
2016-12-01,ETHJPY,915.46,917.01,915.46,917.01,11.32,10380.55
2016-12-02,ETHJPY,917.01,917.01,893.71,893.72,5511.14,4963518.15
2016-12-03,ETHJPY,893.72,1023.37,893.72,1021.56,381.19,369937.71
2016-12-04,ETHJPY,1021.56,1021.56,975.57,975.57,4,3902.27
2016-12-05,ETHJPY,975.57,975.57,850,850,204,173805.34
2016-12-06,ETHJPY,850,999.74,594.55,987.53,594932.12,499469965.2
2016-12-07,ETHJPY,987.53,1069.81,787.4,1069.81,388403.54,327036334.1
2016-12-08,ETHJPY,1069.81,1069.81,1069.81,1069.81,0,0
2016-12-09,ETHJPY,1069.81,1420,858.29,858.31,20.32,21134.94
2016-12-10,ETHJPY,858.31,858.31,858.31,858.31,0,0
2016-12-11,ETHJPY,858.31,1200,858.31,858.33,10,10094.99
2016-12-12,ETHJPY,858.33,1147.7,858.33,1147.7,51.69,57211.34
2016-12-13,ETHJPY,1147.7,1147.7,1147.7,1147.7,0,0
2016-12-14,ETHJPY,1147.7,1147.7,1147.7,1147.7,0,0
2016-12-15,ETHJPY,1147.7,1147.7,1147.7,1147.7,0,0
2016-12-16,ETHJPY,1147.7,1147.7,1147.7,1147.7,0,0
2016-12-17,ETHJPY,1147.7,1420,1147.7,1420,120,149012
2016-12-18,ETHJPY,1420,1420,1420,1420,0,0
2016-12-19,ETHJPY,1420,1420,800,1097.8,180,164676.79
2016-12-20,ETHJPY,1097.8,1097.8,800,1077.84,82.89,86140.21
2016-12-21,ETHJPY,1077.84,1077.84,800,800,65.61,64339.12
2016-12-22,ETHJPY,800,1419.99,800,1097.8,231.54,260075.74
2016-12-23,ETHJPY,1097.8,1097.8,800,800,5200.77,4221269.99
2016-12-24,ETHJPY,800,878.24,800,800.01,31.03,26509.27
2016-12-25,ETHJPY,800.01,800.02,800.01,800.02,40.36,32288.81
2016-12-26,ETHJPY,800.02,800.02,800.02,800.02,0,0
2016-12-27,ETHJPY,800.02,1096.99,800.01,1096.99,10,9398.54
2016-12-28,ETHJPY,1096.99,1096.99,800.02,800.02,22,22860.04
2016-12-29,ETHJPY,800.02,1648.9,800.02,1449.99,8861.13,13314354.36
2016-12-30,ETHJPY,1449.99,1449.99,1449.99,1449.99,80,115999.2
2016-12-31,ETHJPY,1449.99,1449.99,950,950,180,171000
2017-01-01,ETHJPY,950,1250,950,1250,42,50410
2017-01-02,ETHJPY,1250,1250,1250,1250,0,0
2017-01-03,ETHJPY,1250,1290,1250,1290,24,30168
2017-01-04,ETHJPY,1290,1450,999,1301.28,557.71,729105.32
2017-01-05,ETHJPY,1301.28,1401.41,999,1298.7,147.66,189011.32
2017-01-06,ETHJPY,1298.7,1350,1298.7,1350,34,45900
2017-01-07,ETHJPY,1350,1350,1350,1350,0,0
2017-01-08,ETHJPY,1350,1350,1350,1350,0,0
2017-01-09,ETHJPY,1350,1350,1298.7,1298.7,19.74,25630.1
2017-01-10,ETHJPY,1298.7,1348.65,1202,1348.65,147.22,185670.27
2017-01-11,ETHJPY,1348.65,1401.4,1148.85,1148.85,159.04,217949.64
2017-01-12,ETHJPY,1148.85,1201.2,1090.41,1201.2,99.44,119387.8
2017-01-13,ETHJPY,1201.2,1201.2,1118.88,1148.85,26.41,29776.59
2017-01-14,ETHJPY,1148.85,1148.85,1148.85,1148.85,12.55,14413.7
2017-01-15,ETHJPY,1148.85,1148.85,1148.85,1148.85,6,6893.1
2017-01-16,ETHJPY,1148.85,1201.2,1148.85,1178.82,30,35471.46
2017-01-17,ETHJPY,1178.82,1178.82,1101.88,1101.88,22.96,25316.19
2017-01-18,ETHJPY,1201.21,1201.21,1101.89,1101.89,36,40802.4
2017-01-19,ETHJPY,1101.89,1101.89,1101.89,1101.89,0,0
2017-01-20,ETHJPY,1201.21,1201.21,1201.21,1201.21,308.18,370192.06
2017-01-21,ETHJPY,1348.99,1348.99,1118.88,1118.88,22,25075.58
2017-01-22,ETHJPY,1118.88,1348,1118.88,1348,8,10784
2017-01-23,ETHJPY,1348,1351.35,1118.88,1118.88,56,75300.98
2017-01-24,ETHJPY,1118.88,1349.98,1118.88,1118.88,76,102132.52
2017-01-25,ETHJPY,1349.9,1349.9,1130,1130,20,26558.2
2017-01-26,ETHJPY,1130,1349.9,1130,1349.9,5.8,7827.17
2017-01-27,ETHJPY,1349.9,1401.4,1190.8,1191,463.62,574883.73
2017-01-28,ETHJPY,1390,1390,1390,1390,28.78,40000
2017-01-29,ETHJPY,1390,1390,1390,1390,0,0
2017-01-30,ETHJPY,1390,1390,1390,1390,7,9730
2017-01-31,ETHJPY,1390,1390,1390,1390,0,0
2017-02-01,ETHJPY,1390,1399,1388.61,1388.61,27.78,38634.19
2017-02-02,ETHJPY,1399,1399,1399,1399,2,2798
2017-02-03,ETHJPY,1399,1400,1288.71,1288.71,85.55,116926.48
2017-02-04,ETHJPY,1288.71,1398.5,1275.18,1398.5,60.99,81447.4
2017-02-05,ETHJPY,1279.21,1279.21,1279.21,1279.21,1155.42,1478019.76
2017-02-06,ETHJPY,1348.65,1398.5,1298.71,1298.71,41.79,56629.86
2017-02-07,ETHJPY,1401.4,1401.4,1298.8,1318.68,108,146255.34
2017-02-08,ETHJPY,1318.68,1400.5,1298.8,1400.5,45,59546.3
2017-02-09,ETHJPY,1400.5,1400.5,1268.73,1268.73,1442.53,1905378.88
2017-02-10,ETHJPY,1400.5,1400.5,1400.5,1400.5,1,1400.5
2017-02-11,ETHJPY,1400.5,1400.5,1248.76,1326.17,54.23,71777.57
2017-02-12,ETHJPY,1318.68,1331.34,1318.68,1331.34,21.1,27846.83
2017-02-13,ETHJPY,1321.67,1400.6,1321.67,1321.67,107.69,144534.45
2017-02-14,ETHJPY,1321.67,1539.21,1191.2,1201.21,733.17,900193.08
2017-02-15,ETHJPY,1201.21,1201.21,1201.21,1201.21,0,0
2017-02-16,ETHJPY,1601.61,1649.9,1601.61,1649.9,66,107466.02
2017-02-17,ETHJPY,1649.9,1649.9,1649.9,1649.9,0,0
2017-02-18,ETHJPY,1649.9,1649.9,1341.35,1488.05,223.86,303768.92
2017-02-19,ETHJPY,1488.05,1488.05,1351.36,1351.36,200,270272
2017-02-20,ETHJPY,1351.36,1600,1351.36,1600,401,542144
2017-02-21,ETHJPY,1600,1600,1300,1300,1,1300
2017-02-22,ETHJPY,1300,1686.31,1300,1650,1857.88,3105101.59
2017-02-23,ETHJPY,1650,1670,1650,1670,23.4,39078
2017-02-24,ETHJPY,1670,1800,1670,1800,557.5,995907.84
2017-02-25,ETHJPY,1800,1899.99,1524.74,1524.74,909.47,1454054.73
2017-02-26,ETHJPY,1524.74,1601.61,1300.02,1601.61,355,563745.72
2017-02-27,ETHJPY,1601.61,1849,1192.14,1192.14,1392.57,2019996.6
2017-02-28,ETHJPY,1192.14,1849,1192.14,1781.79,3737.48,6112488.16
2017-03-01,ETHJPY,1781.79,1971,1621.63,1902.14,1704.26,3080703.64
2017-03-02,ETHJPY,1902.14,2844.63,1448.56,2600,1140.04,2348291.9
2017-03-03,ETHJPY,2600,3000,2047.96,2995,1362.05,3621011.86
2017-03-04,ETHJPY,2995,2995,2054.03,2397.6,135.58,311610.21
2017-03-05,ETHJPY,2397.6,2790,2097.91,2790,194.08,462120.6
2017-03-06,ETHJPY,2790,2790,2150.01,2499.99,665.16,1551024.67
2017-03-07,ETHJPY,2499.99,2500,2499.99,2500,18.2,45499.93
2017-03-08,ETHJPY,2500,2799.99,2009.94,2009.99,1032.09,2259877.33
2017-03-09,ETHJPY,2009.99,2212.21,1896.73,2055,724.89,1467022.15
2017-03-10,ETHJPY,2055,2450,1999,2449.55,175.22,364298.81
2017-03-11,ETHJPY,2449.55,2450,2449.55,2450,26.98,66101
2017-03-12,ETHJPY,2450,2799.99,2398.6,2799.9,2307.9,6054736.35
2017-03-13,ETHJPY,2799.9,4000,2500,3121.28,1828.15,6005706.52
2017-03-14,ETHJPY,3121.28,3525.68,3121.28,3331.66,180.41,629224.83
2017-03-15,ETHJPY,3331.66,4000,3162.07,4000,572.75,2013197.14
2017-03-16,ETHJPY,4000,5300.95,4000,5300.95,1465.73,7439901.26
2017-03-17,ETHJPY,5300.95,6499.99,4456,5454.46,2539.07,12876955.26
2017-03-18,ETHJPY,5454.46,5454.46,3603,3603,320.17,1516798.97
2017-03-19,ETHJPY,3603,5500,3603,5500,109.92,533677.3
2017-03-20,ETHJPY,5500,5500,4353.65,4896.1,39.84,178773.61
2017-03-21,ETHJPY,4896.1,5581.54,4795.2,5000,611.76,3072572.66
2017-03-22,ETHJPY,5000,5264.17,4445.55,5264.17,82.99,406187.99
2017-03-23,ETHJPY,5264.17,5264.17,4695.3,4695.3,1.96,9202.79
2017-03-24,ETHJPY,4695.3,5950.85,4695.3,5800,29.62,167544.28
2017-03-25,ETHJPY,5800,6394.5,5354.64,5994,953.46,5622352.02
2017-03-26,ETHJPY,5994,6299.99,5354.65,6299.99,31.42,174548.81
2017-03-27,ETHJPY,6299.99,6383.69,5394.6,5394.6,32.13,182688.69
2017-03-28,ETHJPY,5394.6,6131.32,5094.91,5714.28,320.94,1855998.97
2017-03-29,ETHJPY,5714.28,6298.99,5714.28,6298.99,149.91,929598.66
2017-03-30,ETHJPY,6298.99,6311.32,5795.2,6311.32,589.05,3473841.45
2017-03-31,ETHJPY,6311.32,6367.24,5294.7,5294.7,287.24,1640034.81
2017-04-01,ETHJPY,5294.7,6238.1,5294.7,6238.1,16.7,104187.22
2017-04-02,ETHJPY,6238.1,6238.1,4661.91,4698.77,1090.7,5392665.24
2017-04-03,ETHJPY,4698.77,5748.3,4346.09,5604.61,323.45,1576581.83
2017-04-04,ETHJPY,5604.61,5604.61,4795.2,5005.01,23,110509.41
2017-04-05,ETHJPY,5005.01,5655.66,4705.71,5655,225.62,1187093.04
2017-04-06,ETHJPY,5655,5694.3,4628.38,4628.38,1172.61,5890580.04
2017-04-07,ETHJPY,4628.38,5255.25,4628.38,4895.1,81.02,396968.36
2017-04-08,ETHJPY,4895.1,5314.31,4895.1,5314.31,47,249712.51
2017-04-09,ETHJPY,5314.31,5314.31,5304.3,5304.3,11,58347.3
2017-04-10,ETHJPY,5304.3,5304.3,5304.3,5304.3,12.6,66834.18
2017-04-11,ETHJPY,5304.3,5304.3,4795.21,5304.3,90,460089.52
2017-04-12,ETHJPY,5304.3,5304.31,4830.17,5304.31,180.13,902346.48
2017-04-13,ETHJPY,5304.31,5655.65,5000,5444.55,162.84,861795.44
2017-04-14,ETHJPY,5444.55,5605.6,5180,5499.99,287.63,1532425.82
2017-04-15,ETHJPY,5499.99,5499.99,5195.8,5410.42,47,253049.92
2017-04-16,ETHJPY,5410.42,5649.35,5201,5495.5,66.92,371430.18
2017-04-17,ETHJPY,5495.5,5659.99,5310,5659.99,570.25,3089514.15
2017-04-18,ETHJPY,5659.99,5659.99,5294.71,5659.99,85.28,473439.29
2017-04-19,ETHJPY,5659.99,5998.78,5205,5205,146.87,779956.91
2017-04-20,ETHJPY,5205,6000,5205,5750,6,35000
2017-04-21,ETHJPY,5750,5931.49,5200.01,5200.01,41.8,221728.91
2017-04-22,ETHJPY,5200.01,5200.01,5200.01,5200.01,0,0
2017-04-23,ETHJPY,5200.01,5200.01,5200.01,5200.01,0,0
2017-04-24,ETHJPY,5200.01,5200.01,5200.01,5200.01,0,0
2017-04-25,ETHJPY,5200.01,5944.95,5200.01,5940.95,95.14,565480.46
2017-04-26,ETHJPY,5940.95,6006.01,5625.01,6006.01,787.76,4604087.13
2017-04-27,ETHJPY,6006.01,7499.99,5886.91,7299.99,236.6,1564141.05
2017-04-28,ETHJPY,7299.99,10010.01,6876.2,7093.91,1503.87,11529999.32
2017-04-29,ETHJPY,7093.91,8490.99,7093.91,8015.02,353.07,2741734.07
2017-04-30,ETHJPY,8015.02,9939.93,7992,8807.8,149.26,1278727.06
2017-05-01,ETHJPY,8807.8,11049.99,7993.01,7993.01,701.59,6483611.37
2017-05-02,ETHJPY,7993.01,12496.03,7993.01,9000,1841.55,17066166.19
2017-05-03,ETHJPY,9000,11380,7992.01,7992.01,178,1630052.65
2017-05-04,ETHJPY,7992.01,11378.99,7992.01,11378.99,252.75,2586323.17
2017-05-05,ETHJPY,11378.99,11378.99,9893,9893,64.5,729759.54
2017-05-06,ETHJPY,9893,11250,9875.13,10858.99,489.65,5089794.08
2017-05-07,ETHJPY,10858.99,11299.98,10001,10589.41,176.35,1905487.59
2017-05-08,ETHJPY,10589.41,11999.99,10390.81,10689.31,499.51,5686574.33
2017-05-09,ETHJPY,10689.31,12000,8991,9692.01,900.72,9742591.49
2017-05-10,ETHJPY,9692.01,11622.62,9692.01,11622.61,311.44,3308802.7
2017-05-11,ETHJPY,11622.61,11622.61,10100,10100,264.03,2931507.26
2017-05-12,ETHJPY,10100,11600,10100,10680,181.48,2102022.04
2017-05-13,ETHJPY,10680,11600,9946.74,10649.98,1618.9,16182778.53
2017-05-14,ETHJPY,10649.98,11121.12,10000.01,10789.21,185.4,1956324.19
2017-05-15,ETHJPY,10789.21,11252.25,10197.01,10900.01,1089.92,11947094.61
2017-05-16,ETHJPY,10900.01,11273,9946.74,10989.01,540.4,5648009.08
2017-05-17,ETHJPY,10989.01,11121.12,10252.01,10252.01,308.12,3350689.45
2017-05-18,ETHJPY,10252.01,11949.99,10252.01,11871.87,153.14,1754850.55
2017-05-19,ETHJPY,11871.87,16927.87,11871.87,16927.87,1096.4,13620827.76
2017-05-20,ETHJPY,16927.87,17261.71,13800,14985.01,1494.25,24360046.46
2017-05-21,ETHJPY,14985.01,17003,14985.01,16983.01,300.51,5063692.88
2017-05-22,ETHJPY,16983.01,21021.03,10916.18,21021.03,23343.37,397792838.4
2017-05-23,ETHJPY,21021.03,22672.46,19480.51,21021.03,2615.98,54848532.76
2017-05-24,ETHJPY,21021.03,26800,15977.59,24475.53,2160.62,53054465.2
2017-05-25,ETHJPY,24475.53,26895.17,13583.75,22776.23,2141.31,51297700.03
2017-05-26,ETHJPY,22776.23,24291.22,16483.52,18000.01,1578.39,32825729
2017-05-27,ETHJPY,18000.01,20520.52,13886.11,19719.72,530.75,9247987.85
2017-05-28,ETHJPY,19719.72,20875.15,16983.02,19481.51,209.85,4135608.97
2017-05-29,ETHJPY,19481.51,22759.42,19481.51,22759.42,18.31,413487.4
2017-05-30,ETHJPY,22759.42,26500,21000.01,26500,52,1259085.73
2017-05-31,ETHJPY,26500,29910.35,18520.48,23001.01,89.8,2480898.15
2017-06-01,ETHJPY,23001.01,25000,23001.01,25000,43.87,1081263.06
2017-06-02,ETHJPY,25000,26629.98,25000,26629.98,2,53259.96
2017-06-03,ETHJPY,26629.98,26629.98,23500,23500,2.28,53580
2017-06-04,ETHJPY,23500,26629.99,23500,26629.99,227.47,6057577.75
2017-06-05,ETHJPY,26629.99,30999.99,26500.01,28998.78,132.94,3858206.06
2017-06-06,ETHJPY,28998.78,28998.79,27501.01,28517,212.84,6047670.47
2017-06-07,ETHJPY,28517,28798.8,27500,28498.79,99.19,2819816.46
2017-06-08,ETHJPY,28498.79,28798.79,27122.62,27122.63,107.51,3067175.69
2017-06-09,ETHJPY,27122.63,30999.99,27122.63,30999.99,114.68,3338459.17
2017-06-10,ETHJPY,30999.99,34998,30999.99,34998,73.03,2376393.32
2017-06-11,ETHJPY,34998,40000,34535.88,34535.88,33.42,1258781.69
2017-06-12,ETHJPY,34535.88,48115.44,34535.88,36362.49,191.79,7982270.77
2017-06-13,ETHJPY,36362.49,46938.28,36362.49,38200.01,50.1,2083240.6
2017-06-14,ETHJPY,38200.01,44030,34501,34501,424.1,17474712.44
2017-06-15,ETHJPY,34501,39792.55,29000.01,39792.55,141.44,4766965.78
2017-06-16,ETHJPY,39792.55,43926.47,35500.01,35500.01,8.2,342460.89
2017-06-17,ETHJPY,35500.01,41000,35500.01,41000,20,820000
2017-06-18,ETHJPY,41000,44000.99,38890.01,38890.01,38.2,1499241.24
2017-06-19,ETHJPY,38890.01,43964.32,38890.01,40500,18.39,753896.63
2017-06-20,ETHJPY,40500,43499.99,35100.9,35100.9,142.02,5615668.78
2017-06-21,ETHJPY,35100.9,43261.33,33200.01,33200.01,162.58,5723404.08
2017-06-22,ETHJPY,33200.01,39998,32508,33615.43,160.88,6028054.38
2017-06-23,ETHJPY,33615.43,38240.91,33615.43,34011.01,5.05,178378.34
2017-06-24,ETHJPY,34011.01,35568.41,34011.01,35568.41,1,35568.41
2017-06-25,ETHJPY,35568.41,35568.41,35568.41,35568.41,0,0
2017-06-26,ETHJPY,35568.41,35568.41,35568.41,35568.41,0,0
2017-06-27,ETHJPY,35568.41,35568.41,35568.41,35568.41,0,0
2017-06-28,ETHJPY,35568.41,35568.41,35568.41,35568.41,0,0
2017-06-29,ETHJPY,35568.41,35568.41,35568.41,35568.41,0,0
2017-06-30,ETHJPY,35568.41,35568.41,35568.41,35568.41,0,0
2017-07-01,ETHJPY,35568.41,35568.41,35568.41,35568.41,0,0
2017-07-02,ETHJPY,35568.41,35568.41,35568.41,35568.41,0,0
2017-07-03,ETHJPY,35568.41,35568.41,35568.41,35568.41,0,0
2017-07-04,ETHJPY,35568.41,35568.41,35568.41,35568.41,0,0
2017-07-05,ETHJPY,35568.41,35568.41,35568.41,35568.41,0,0
2017-07-06,ETHJPY,35568.41,35568.41,35568.41,35568.41,0,0
2017-07-07,ETHJPY,35568.41,35568.41,35568.41,35568.41,0,0
2017-07-08,ETHJPY,35568.41,35568.41,35568.41,35568.41,0,0
2017-07-09,ETHJPY,35568.41,35568.41,35568.41,35568.41,0,0
2017-07-10,ETHJPY,35568.41,35568.41,35568.41,35568.41,0,0
2017-07-11,ETHJPY,35568.41,35568.41,35568.41,35568.41,0,0
2017-07-12,ETHJPY,35568.41,35568.41,35568.41,35568.41,0,0
2017-07-13,ETHJPY,35568.41,35568.41,35568.41,35568.41,0,0
2017-07-14,ETHJPY,35568.41,35568.41,35568.41,35568.41,0,0
2017-07-15,ETHJPY,35568.41,35568.41,35568.41,35568.41,0,0
2017-07-16,ETHJPY,35568.41,35568.41,35568.41,35568.41,0,0
2017-07-17,ETHJPY,35568.41,35568.41,35568.41,35568.41,0,0
2017-07-18,ETHJPY,35568.41,35568.41,35568.41,35568.41,0,0
2017-07-19,ETHJPY,35568.41,35568.41,35568.41,35568.41,0,0
2017-07-20,ETHJPY,35568.41,35568.41,35568.41,35568.41,0,0
2017-07-21,ETHJPY,26469.9,26469.9,20318.03,20318.03,20.44,424305.28
2017-07-22,ETHJPY,20318.03,20318.03,20318.03,20318.03,0,0
2017-07-23,ETHJPY,20318.03,20318.03,20318.03,20318.03,0,0
2017-07-24,ETHJPY,20318.03,20318.03,20318.03,20318.03,0,0
2017-07-25,ETHJPY,20318.03,20318.03,20318.03,20318.03,0,0
2017-07-26,ETHJPY,20318.03,20318.03,20318.03,20318.03,0,0
2017-07-27,ETHJPY,20318.03,20318.03,20318.03,20318.03,0,0
2017-07-28,ETHJPY,20318.03,20318.03,20318.03,20318.03,0,0
2017-07-29,ETHJPY,20318.03,20318.03,20318.03,20318.03,0,0
2017-07-30,ETHJPY,20318.03,20318.03,20318.03,20318.03,0,0
2017-07-31,ETHJPY,20318.03,20318.03,20318.03,20318.03,0,0
2017-08-01,ETHJPY,23300,27817.03,23300,26000,5,130951.53
2017-08-02,ETHJPY,26000,26000,24000.01,24000.01,11.62,280880.11
2017-08-03,ETHJPY,24000.01,26000,22029.31,22029.31,29.98,749758.64
2017-08-04,ETHJPY,22029.31,22029.31,22029.31,22029.31,0,0
2017-08-05,ETHJPY,22029.31,28000,22029.31,28000,9,235805
2017-08-06,ETHJPY,28000,29500,27000.01,27000.01,21.26,614020.05
2017-08-07,ETHJPY,27000.01,29550,27000.01,29000,13.48,391358.35
2017-08-08,ETHJPY,29000,33999.99,28010,33999.99,12,388577.94
2017-08-09,ETHJPY,33999.99,35764.54,30010.01,30010.01,47.79,1587651.54
2017-08-10,ETHJPY,30010.01,30011.01,30010.01,30011.01,1,30011.01
2017-08-11,ETHJPY,30011.01,30011.01,30011.01,30011.01,0,0
2017-08-12,ETHJPY,30011.01,35764.38,30011.01,35699.93,18.63,645480.42
2017-08-13,ETHJPY,35699.93,35699.93,32000.01,34422.83,126.16,4280030.36
2017-08-14,ETHJPY,34422.83,34422.83,34010,34010,2,68020
2017-08-15,ETHJPY,34010,34010,32500,33001,317.82,10330188.89
2017-08-16,ETHJPY,33001,35320,32001.01,34899.99,37.23,1213531.86
2017-08-17,ETHJPY,34899.99,35298.98,34899.99,35298.98,27.6,970262.05
2017-08-18,ETHJPY,35298.98,35298.98,33000,33000,9.4,312474.4
2017-08-19,ETHJPY,33000,34999.99,30020.01,30020.01,80.75,2585311.53
2017-08-20,ETHJPY,30020.01,34998.99,30020.01,34998.99,1,34998.99
2017-08-21,ETHJPY,34998.99,37300.29,34500,35500,31.63,1122295.18
2017-08-22,ETHJPY,35500,35500,34500,34500,2,69000
2017-08-23,ETHJPY,34500,34500,34500,34500,0,0
2017-08-24,ETHJPY,34500,34500,34500,34500,0,0
2017-08-25,ETHJPY,34500,36000,34500,36000,6.86,246960
2017-08-26,ETHJPY,36000,36000,36000,36000,0,0
2017-08-27,ETHJPY,36000,36000,36000,36000,0,0
2017-08-28,ETHJPY,36000,39997.99,36000,39997.99,24.06,946657.28
2017-08-29,ETHJPY,39997.99,41188.73,39997.98,41188.73,40.58,1649381.12
2017-08-30,ETHJPY,41188.73,44487.99,37000.01,40000,50.73,2100992.18
2017-08-31,ETHJPY,40000,44500,40000,44500,11.55,512064
2017-09-01,ETHJPY,44500,46000,43800.01,43800.01,48.07,2140349.44
2017-09-02,ETHJPY,43800.01,43800.01,38000,39500,145.92,5685914.25
2017-09-03,ETHJPY,39500,40800,39500,39500,54.03,2155864
2017-09-04,ETHJPY,39500,40892.22,30100,38740.26,305.27,10861314.11
2017-09-05,ETHJPY,38740.26,38740.26,30100,36062.7,344.54,10895473.32
2017-09-06,ETHJPY,36062.7,40641.17,35887.39,36800,318.13,12671829.98
2017-09-07,ETHJPY,36800,36930.06,36800,36930.06,14,516377.78
2017-09-08,ETHJPY,36930.06,36930.06,31366.69,31366.69,212.43,7116674.81
2017-09-09,ETHJPY,31366.69,32986.18,31366.69,32850.97,14.48,471457.95
2017-09-10,ETHJPY,32850.97,32874.49,30686.36,32202.52,126.45,3976408.45
2017-09-11,ETHJPY,32202.52,33302.07,31264.71,32377.65,278.26,8944926.63
2017-09-12,ETHJPY,32377.65,34303.32,30700.01,32251.61,475.02,15733941.64
2017-09-13,ETHJPY,32251.61,32253.8,30636.78,31016.68,1355.01,41817798.27
2017-09-14,ETHJPY,31016.68,36999.98,24378.82,24444.64,6140.61,169705167.9
2017-09-15,ETHJPY,24444.64,28808.7,16000,26756.05,3935.35,99449759.88
2017-09-16,ETHJPY,26756.05,29471.24,19150,28297.96,4035.45,111501576.1
2017-09-17,ETHJPY,28297.96,28297.96,26235.89,27098.91,42.79,1166119.16
2017-09-18,ETHJPY,27098.91,32795.48,27098.91,32710.28,127.61,3925750.47
2017-09-19,ETHJPY,32710.28,32710.28,27000,31534.84,457.54,14519945.84
2017-09-20,ETHJPY,31534.84,32594,31342.71,32463.96,371.74,11961393.54
2017-09-21,ETHJPY,32463.96,32463.96,28375.2,29002.34,11422.04,339631958.4
2017-09-22,ETHJPY,29002.34,30245.43,28477.43,29429.16,19293.66,563551993.4
2017-09-23,ETHJPY,29429.16,31912.14,29094,31899.96,16920.55,522089965.1
2017-09-24,ETHJPY,31899.96,32912.73,31080.58,31768.67,21620.43,689626751.3
2017-09-25,ETHJPY,31768.67,33156.86,31761.76,32912.19,8333.48,272391349.6
2017-09-26,ETHJPY,32912.19,32912.19,31518.01,32411.89,7781.31,253051613.1
2017-09-27,ETHJPY,32411.89,35187.28,32339.04,34923.98,6710.03,227163851.4
2017-09-28,ETHJPY,34923.98,35043.66,33582.49,34065,7243.83,249181578.5
2017-09-29,ETHJPY,34065,34183.61,31620.85,32907.72,17009.48,557624198.4
2017-09-30,ETHJPY,32907.72,34333.75,32736.43,34039.08,22409.28,758293010.5
2017-10-01,ETHJPY,34039.08,34175.73,32711.01,33969,13391.7,449971397.9
2017-10-02,ETHJPY,33969,34122.3,33119.14,33443.48,2462.08,83268692.82
2017-10-03,ETHJPY,33443.48,33700,26500,32945.93,6076.99,200337736
2017-10-04,ETHJPY,32945.93,33212.16,32484.8,32915.93,2459.41,80908108.85
2017-10-05,ETHJPY,32915.93,33572.14,32367.07,33230.54,3132.43,102717613.4
2017-10-06,ETHJPY,33230.54,34554.16,32819.95,34554.16,1773.37,59587013.31
2017-10-07,ETHJPY,34554.16,35325.24,34286.3,35302.85,1131.83,39497438.82
2017-10-08,ETHJPY,35302.85,35323.08,34728.78,34827.41,3440.04,120372762
2017-10-09,ETHJPY,34827.41,34974.65,32524.51,33489.27,5145.95,174119521.4
2017-10-10,ETHJPY,33489.27,34298.44,32885.54,33568.86,1702.2,57064339.56
2017-10-11,ETHJPY,33568.86,34135.84,33458.65,33895.69,419.92,14174690.91
2017-10-12,ETHJPY,33895.69,34581.89,33880.1,34033.54,1575.49,53855216.85
2017-10-13,ETHJPY,34033.54,39945.18,33779.32,37676.31,4607.25,164874123.6
2017-10-14,ETHJPY,37676.31,38786.86,37519.85,37808.72,2056.74,78537104.02
2017-10-15,ETHJPY,37808.72,38164.72,35573.22,37623.31,3352.15,123463859.1
2017-10-16,ETHJPY,37623.31,39216.14,37115.65,37450.06,1559.65,59507580.63
2017-10-17,ETHJPY,37450.06,37450.06,34754.16,35548.47,1813.71,65716454.45
2017-10-18,ETHJPY,35548.47,35548.47,32487.35,35506.8,4110.68,140713072.1
2017-10-19,ETHJPY,35506.8,35741.78,34290.39,34711.88,1812.76,63192899.18
2017-10-20,ETHJPY,34711.88,35144.32,33502.96,34421.61,1643.88,57045404.45
2017-10-21,ETHJPY,34421.61,34517.86,33007.38,34009.25,4304.56,145283584
2017-10-22,ETHJPY,34009.25,34697.67,33239.48,33552.93,6033.7,202367588.1
2017-10-23,ETHJPY,33552.93,33552.93,31288.22,32290.03,11646.67,374478977.7
2017-10-24,ETHJPY,32290.03,35330.4,31417.81,33757.8,12067.71,412488128.7
2017-10-25,ETHJPY,33757.8,34332.53,19150,33652.33,7930.81,266012604.6
2017-10-26,ETHJPY,33652.33,34105.16,33317.1,33885.76,3778.78,127205717.9
2017-10-27,ETHJPY,33885.76,34138.1,33483.39,34021.86,1745.26,59110158.53
2017-10-28,ETHJPY,33640.69,33858.8,33098.22,33359.48,2492.1,83619170.63
2017-10-29,ETHJPY,33359.48,35444.96,33332.28,34770,11683.63,394434837.7
2017-10-30,ETHJPY,34770,35316.7,34517.04,34649.99,2105.85,73274509.54
2017-10-31,ETHJPY,34649.99,35163.31,34649.99,34699.64,3035.02,105773976.4
2017-11-01,ETHJPY,34699.64,34699.64,33025.46,33115.08,6423.69,218877803.8
2017-11-02,ETHJPY,33115.08,33322.76,31433.91,32629.12,20844.4,677492335.5
2017-11-03,ETHJPY,32629.12,35268.21,32597.68,34854,2471.17,83624177.91
2017-11-04,ETHJPY,34854,34854,33571.3,34262,907.61,30880007.68
2017-11-05,ETHJPY,34262,34388.19,33607.67,33835.76,1054.38,35874260.95
2017-11-06,ETHJPY,33835.76,34908.63,33565.74,33908.34,32025.34,1096758738
2017-11-07,ETHJPY,33908.34,35057.82,32766.65,33219.05,9868.76,333662817.9
2017-11-08,ETHJPY,33219.05,36437.46,33106.31,35087.38,7108.87,245080386
2017-11-09,ETHJPY,35087.38,37335.02,34980.08,36299.35,12501.67,452897115.3
2017-11-10,ETHJPY,36299.35,37357.99,32831.59,33740.57,20834.93,714560980.5
2017-11-11,ETHJPY,33740.57,36231.52,33689.93,35704.23,24172.93,838511849.8
2017-11-12,ETHJPY,35704.23,36040.89,33830.61,34861,28312.8,987316123.6
2017-11-13,ETHJPY,34861,36241.58,34600.29,35585.64,2689.02,95284567.42
2017-11-14,ETHJPY,35585.64,40752,35585.64,39694.41,1232.34,45427112.04
2017-11-15,ETHJPY,39694.41,39694.41,36609.8,37356.67,2147.08,80637950.42
2017-11-16,ETHJPY,37356.67,37720.18,36341.46,37205.97,960.59,35581801.15
2017-11-17,ETHJPY,37205.97,37474.59,36616.27,37177.44,890.48,33145190.35
2017-11-18,ETHJPY,37177.44,38939.98,36525.01,38879,1608.85,60423749.77
2017-11-19,ETHJPY,38879,40753.18,38508.03,39801.76,1117.01,44713942.97
2017-11-20,ETHJPY,39801.76,41204.75,39571.9,41101,3038.91,124017315.5
2017-11-21,ETHJPY,41101,41984.45,39411,40309.95,2839.58,116045241.5
2017-11-22,ETHJPY,40309.95,42178.98,40200.25,42178.98,735.81,30006373.02
2017-11-23,ETHJPY,42178.98,47041.8,41901.17,45426.42,2662.24,116593670.6
2017-11-24,ETHJPY,45426.42,53279.06,44350.44,52391.5,4561.53,221822067.2
2017-11-25,ETHJPY,52391.5,53698.6,50754.23,51609,2258.21,117485126.9
2017-11-26,ETHJPY,51609,51887.21,49782.13,50945.93,939.25,47591511.61
2017-11-27,ETHJPY,52172.32,54611.99,51022.05,52552.43,4827.57,253962108.6
2017-11-28,ETHJPY,52552.43,53108.57,51144.08,51196.01,3398.96,177456997
2017-11-29,ETHJPY,51196.01,115000,45054.19,47685,34118.42,1767383776
2017-11-30,ETHJPY,47685,51656.11,44000,48632.07,17031.64,817546544.9
2017-12-01,ETHJPY,48632.07,51146.75,46852.53,47821.01,4721.51,232614699
2017-12-02,ETHJPY,47821.01,52483.61,47821.01,51026.61,16479.37,844777939.8
2017-12-03,ETHJPY,51026.61,54780.33,49815.78,51776.58,9491.34,495544408.5
2017-12-04,ETHJPY,51776.58,53074.3,50140.05,51865.01,13914.84,716241282.7
2017-12-05,ETHJPY,51865.01,52358.13,50890,51024.48,1516.53,78410184.71
2017-12-06,ETHJPY,51024.48,51274.38,46590.76,47136.62,8010.57,392743153.1
2017-12-07,ETHJPY,47136.62,49192.29,45401.74,47334.45,6282.71,300086882.1
2017-12-08,ETHJPY,47334.45,51294.77,26000,51116.77,42865.48,2058199807
2017-12-09,ETHJPY,51116.77,250000,49705.11,52922.39,41490.69,2151335525
2017-12-10,ETHJPY,52922.39,52922.39,48030.17,49164.57,37683.54,1889258812
2017-12-11,ETHJPY,49164.57,59314.42,49127.92,57923.25,8708.14,440158578.7
2017-12-12,ETHJPY,57923.25,75535.48,56497.04,74000,2917.31,189215586.8
2017-12-13,ETHJPY,74000,85347.34,66417.58,79375,5655.52,424916692.9
2017-12-14,ETHJPY,79375,85739.96,73635.8,78600,2571.42,206206425
2017-12-15,ETHJPY,78600,78869,70000,76117,3518.37,258534949.5
2017-12-16,ETHJPY,76117,80920.24,76011.87,77301.01,990.33,77566247.78
2017-12-17,ETHJPY,77301.01,83161.23,77301.01,81028.82,747.13,60396092.62
2017-12-18,ETHJPY,81028.82,90345.97,77100,88229,2033.64,166606017.1
2017-12-19,ETHJPY,88229,98100,86137.11,92257.54,3070.7,284358134.5
2017-12-20,ETHJPY,92257.54,94403.99,80685.96,91414.96,3736.54,335177479.8
2017-12-21,ETHJPY,91414.96,96542.59,87200,90172.78,3184.82,294900527.4
2017-12-22,ETHJPY,90172.78,90949.76,54818.16,72811.11,20214.26,1455539597
2017-12-23,ETHJPY,72811.11,84611.71,72811.11,78990.31,4356.91,340648313.6
2017-12-24,ETHJPY,78990.31,78990.31,65844.46,74500,3968.93,283978305.3
2017-12-25,ETHJPY,74500,85355.75,74500,82650.97,4330.09,350159035.6
2017-12-26,ETHJPY,82650.97,86107.23,81619.25,85300,1280.17,108078940.5
2017-12-27,ETHJPY,85300,87656.14,81000,83907.84,4326.44,369871440.8
2017-12-28,ETHJPY,83907.84,84674.14,76801,81500,7073.82,563093250.1
2017-12-29,ETHJPY,81500,85911.99,80070.18,84771.42,3430.22,285664533.1
2017-12-30,ETHJPY,84771.42,84895.5,76200,78311,13185.22,1053030788
2017-12-31,ETHJPY,78311,85343.49,77464.71,85150.93,1964.2,160229792.7
2018-01-01,ETHJPY,85150.93,87389.41,83001,86550,3033.33,258064960.8
2018-01-02,ETHJPY,86550,101067.31,86007.13,98471.89,2588.76,248766238.9
2018-01-03,ETHJPY,98471.89,109118.39,96000,108315,1731.78,175212984.8
2018-01-04,ETHJPY,108315,114614.05,105000,107600,8207.43,886355387.2
2018-01-05,ETHJPY,107600,117737,106101,111000,4281.5,482046912.7
2018-01-06,ETHJPY,111000,116503.49,108507.03,116035.12,1810.73,206425724
2018-01-07,ETHJPY,116035.12,128963.87,114359.01,128963.87,2815.27,343287501.8
2018-01-08,ETHJPY,128963.87,141960.93,112101,130000,6636.8,859152629.5
2018-01-09,ETHJPY,130000,185870,130000,149501,3862.64,537637173
2018-01-10,ETHJPY,149501,180000,146000,151107,5861.02,957307407.1
2018-01-11,ETHJPY,151107,167879.99,126100,129210.29,7097.25,1012864328
2018-01-12,ETHJPY,129210.29,145999,126500,142835.61,6185.08,852762995.5
2018-01-13,ETHJPY,142835.61,161408.15,142500,157036.39,3780.15,573253286.6
2018-01-14,ETHJPY,157036.39,158501.57,144001,153864.66,4886.3,738285600
2018-01-15,ETHJPY,153864.66,156068.6,145103,146256.35,6807.74,1023991145
2018-01-16,ETHJPY,146256.35,146401.13,96000,116702.01,14709.29,1878573172
2018-01-17,ETHJPY,116702.01,128598.99,87510,123605.99,3333.32,354202008.8
2018-01-18,ETHJPY,117000.01,130515.3,110902,121120.99,1226.96,149562169.2
2018-01-19,ETHJPY,121120.99,127000,115000,116806,854.67,102703559.1
2018-01-20,ETHJPY,116806,135000,116806,134991,1220.06,153577221.6
2018-01-21,ETHJPY,134991,134991,112114.47,119102.61,2024.62,243797145.3
2018-01-22,ETHJPY,119102.61,122997.99,104000,113150.93,1654.52,186799049.3
2018-01-23,ETHJPY,113150.93,114999.99,102000.6,110996,1592,173433811.3
2018-01-24,ETHJPY,110996,119800,107034.01,116990,1284.1,146474197.5
2018-01-25,ETHJPY,116990,121649.45,111571.3,116000,529.89,62453045.71
2018-01-26,ETHJPY,116000,119969.97,107613.43,113991.7,3131.26,349142773.8
2018-01-27,ETHJPY,113991.7,125000,113026,121103,1470.54,172070277.9
2018-01-28,ETHJPY,121103,139399.99,120550,133882,1380.2,179026444.4
2018-01-29,ETHJPY,133882,137479.49,127000,129965,971.21,126556648.3
2018-01-30,ETHJPY,129965,130000,112000.01,115500,1438.77,176156345.9
2018-01-31,ETHJPY,115500,124996.99,111400.01,121449,918.88,108029298.7
2018-02-01,ETHJPY,121449,127419.42,102000.01,110122.75,1890.01,222424216.7
2018-02-02,ETHJPY,110122.75,112499,81400.02,103899,5400.62,546644348.7
2018-02-03,ETHJPY,103899,110799,93200,106006.38,1145.6,116357991.7
2018-02-04,ETHJPY,106006.38,108999.98,87000,94492.99,844.68,83799469.02
2018-02-05,ETHJPY,94492.99,95580,70188.01,75500,1783.6,148252759.4
2018-02-06,ETHJPY,75500,91797.99,62000,87000,2617.45,191089522.1
2018-02-07,ETHJPY,87000,95000,79000.01,86067.99,1717.37,151540312.9
2018-02-08,ETHJPY,86067.99,93999,83000,91400,437.26,38909941.01
2018-02-09,ETHJPY,91400,98400,85001,96300,642.45,58244012.7
2018-02-10,ETHJPY,96300,101873.7,90000,97476.51,742.87,72048003.58
2018-02-11,ETHJPY,97476.51,97476.51,86001,88421.81,306.22,27697006.5
2018-02-12,ETHJPY,88421.81,99827.15,88421.81,97567.99,306.17,28783708.35
2018-02-13,ETHJPY,97567.99,97581.99,88038,91013.13,345.89,31997763.31
2018-02-14,ETHJPY,91013.13,102998,91013.13,102998,614.57,59259119.8
2018-02-15,ETHJPY,102998,102998,97349.01,98500,910.86,91069350.2
2018-02-16,ETHJPY,98500,101980,96500.01,100455.26,717.47,71392497.35
2018-02-17,ETHJPY,100455.26,105249,99801,104100,595.87,61386672.86
2018-02-18,ETHJPY,104100,105887,96501,98005,641.01,65246225.72
2018-02-19,ETHJPY,98005,104999.98,98000,100100,592.78,60081796.02
2018-02-20,ETHJPY,100100,103395.01,95290,96000,1184.05,120118928.2
2018-02-21,ETHJPY,96000,98501,86943.22,91111.86,1355.71,128644542
2018-02-22,ETHJPY,91111.86,94988,85139.01,88480.59,834.03,75404582.96
2018-02-23,ETHJPY,88480.59,95981,84800,90800.01,1000.64,91624650.05
2018-02-24,ETHJPY,90800.01,95995,87710,88234.31,216.08,19589631.23
2018-02-25,ETHJPY,88234.31,93967.99,87000,90009.15,200.3,17993032.4
2018-02-26,ETHJPY,90009.15,94499.99,88200,93648,1065.07,96774451.21
2018-02-27,ETHJPY,93648,96496.99,92501,94300,355.77,33720213.73
2018-02-28,ETHJPY,94300,96986,92122,92122,668.57,63769526.81
2018-03-01,ETHJPY,92122,94883.99,90329.01,94698,167.82,15640820.69
2018-03-02,ETHJPY,94698,94698,90369,91000,229.36,21168762.83
2018-03-03,ETHJPY,91000,94489.99,90800,91000,407.83,37344894.65
2018-03-04,ETHJPY,91000,92786.15,87000,91000,335.34,30286824.04
2018-03-05,ETHJPY,91000,93199.99,90556.21,90761.36,478.26,43691022.61
2018-03-06,ETHJPY,90761.36,92499.99,86100.01,86651,2427.04,217127605
2018-03-07,ETHJPY,86651,88537.55,78003.01,80078.77,807.4,67486775.67
2018-03-08,ETHJPY,80078.77,82739,71000.02,74600,1137.49,88638906.89
2018-03-09,ETHJPY,74600,78231.52,68200.01,78231.52,711.18,52142361.95
2018-03-10,ETHJPY,78231.52,81521.98,72500.02,74047.27,681.15,53382955.64
2018-03-11,ETHJPY,74047.27,79925.69,71000.01,79903.99,638.26,47171552.4
2018-03-12,ETHJPY,79903.99,81134.07,73500,74717.2,592.31,45848479.19
2018-03-13,ETHJPY,74717.2,78600,73600.53,74484.92,575.91,43493528.1
2018-03-14,ETHJPY,74484.92,76420.01,63000,68115.7,1552.46,109947878.6
2018-03-15,ETHJPY,68115.7,68500,62222.01,65953.18,1181.65,76033016.09
2018-03-16,ETHJPY,65953.18,67968.99,63577.03,65000,620.2,40956871.25
2018-03-17,ETHJPY,65000,66441.92,59400,59400.01,1072.24,66337410.44
2018-03-18,ETHJPY,59400.01,60228,49200.01,59889.87,1759.54,95853185.65
2018-03-19,ETHJPY,59889.87,61222.98,56000,59998.28,1250.42,73169369.6
2018-03-20,ETHJPY,59998.28,62969.99,56380,60010.01,1038.53,61553732.39
2018-03-21,ETHJPY,60010.01,65737.21,56731.73,61300,2076.08,127727196.1
2018-03-22,ETHJPY,61300,62400,55100.67,59040.99,1162.4,67901745.79
2018-03-23,ETHJPY,59040.99,59040.99,53379.03,56300,769.56,42835519.56
2018-03-24,ETHJPY,56300,58580,54900,54900,178.19,10087113.37
2018-03-25,ETHJPY,54900,57199.95,54500,55006.32,262.76,14541896.17
2018-03-26,ETHJPY,55006.32,56596.02,50000,50303.38,1386.67,71991759.15
2018-03-27,ETHJPY,50303.38,52997,48000,48000,983.39,48335256.78
2018-03-28,ETHJPY,48000,50689.99,47000,48400.01,699.37,33694913.56
2018-03-29,ETHJPY,48400.01,48500,40290.02,41169.41,1682.13,75283912.8
2018-03-30,ETHJPY,41169.41,44990,38800.04,41892.06,3284.21,133758086.2
2018-03-31,ETHJPY,41892.06,44797.22,41652.08,42003.98,623.4,26993858.17
2018-04-01,ETHJPY,42003.98,43587.8,38416.12,41183.47,843.82,34090018.76
2018-04-02,ETHJPY,41183.47,42800,40040.01,41144.59,724.45,29895924.34
2018-04-03,ETHJPY,41144.59,45499,40070.01,44289,1750.25,74838966.15
2018-04-04,ETHJPY,44289,45453.68,39506,41083.47,1166.21,48821135.77
2018-04-05,ETHJPY,41083.47,42399.99,39500,41049,1316.16,53152382.89
2018-04-06,ETHJPY,41049,41601,39101,39500.01,552.09,22241521.19
2018-04-07,ETHJPY,39500.01,42306.99,39500.01,41003.77,481.71,19761130.47
2018-04-08,ETHJPY,41003.77,43823,41003.77,43197.69,871.36,37200993.05
2018-04-09,ETHJPY,43197.69,46799,41500.01,42388.33,2097.94,91377176.02
2018-04-10,ETHJPY,42388.33,46242.97,42179.72,44196.02,681.85,30009233.12
2018-04-11,ETHJPY,44196.02,46517.33,44106,46294.51,1519.76,68480312.73
2018-04-12,ETHJPY,46294.51,53680,44486.63,53680,1802.12,86227383.89
2018-04-13,ETHJPY,53680,57400,51995,53500,1676.44,91073983.62
2018-04-14,ETHJPY,53500,56399,52239,53842.03,533.34,28670064.7
2018-04-15,ETHJPY,53842.03,58846,53842.03,57501,323.78,18149116.57
2018-04-16,ETHJPY,57501,58881.15,53551,55003.4,857.54,47244923.83
2018-04-17,ETHJPY,55003.4,56780,53700,55308.87,299.03,16385035.36
2018-04-18,ETHJPY,55308.87,57249.99,53800,57000,556,30633359.28
2018-04-19,ETHJPY,57000,61999.99,55800.01,61980.98,1044.41,61479810.65
2018-04-20,ETHJPY,61980.98,67200,60501,65610.45,1408.83,88572686.6
2018-04-21,ETHJPY,65610.45,68279,62540,65205.33,636.47,41420677.36
2018-04-22,ETHJPY,65205.33,69415.99,64000.01,67794,969.37,64739884.38
2018-04-23,ETHJPY,67794,71500,67090,70420,949.95,66008575.7
2018-04-24,ETHJPY,70420,78960.98,70010,78437.99,1804,134746671
2018-04-25,ETHJPY,78437.99,78437.99,64929.6,67177.22,3186.49,218725986.9
2018-04-26,ETHJPY,67177.22,73929,64605.01,72226.37,1931.6,132308946.9
2018-04-27,ETHJPY,72226.37,75484,70105.02,70464.75,1097.64,79782764.07
2018-04-28,ETHJPY,70464.75,75000,69930,73685.74,485.43,35685614.18
2018-04-29,ETHJPY,73685.74,74980,72510.02,74479.4,486.3,36016102.17
2018-04-30,ETHJPY,74479.4,75828.99,72637.66,73952,396.58,29423824.51
2018-05-01,ETHJPY,73952,74001.01,68850,73000,922.45,65891612.26
2018-05-02,ETHJPY,73000,75903,73000,75903,540.83,40273040.71
2018-05-03,ETHJPY,75903,87320.64,75000.05,86108.85,712.56,56676515.09
2018-05-04,ETHJPY,86108.85,89499.97,82750.25,85500,998.49,86212200.81
2018-05-05,ETHJPY,85500,90936,85013.02,89011.03,558.16,49265496.13
2018-05-06,ETHJPY,89011.03,92679.84,82550,86558,768.67,66665376.59
2018-05-07,ETHJPY,86558,86902.04,75300.02,81725,927.62,74685777.2
2018-05-08,ETHJPY,81725,84574,77460,82360.95,786.54,62836342.23
2018-05-09,ETHJPY,82360.95,84014.58,77807.02,81955.98,915.29,73706108.23
2018-05-10,ETHJPY,81955.98,84014.57,79000,79000,1355.91,111336304.1
2018-05-11,ETHJPY,79000,81386.98,72049,74000,849.2,63488553.27
2018-05-12,ETHJPY,74000,77735.43,70000.01,75150.01,596.62,43895516.49
2018-05-13,ETHJPY,75150.01,81800,73203,80267,422.78,33331456.09
2018-05-14,ETHJPY,80267,81902.99,74767.66,78992.02,832.87,65672196.48
2018-05-15,ETHJPY,78992.02,81896.99,76002.03,78000,423.68,33426857.82
2018-05-16,ETHJPY,78000,79661.18,72500.01,75502.52,739.87,56437240.32
2018-05-17,ETHJPY,75502.52,79407.91,73501,73801,376.46,29120499.02
2018-05-18,ETHJPY,73801,77900,70500,77083.99,1427.33,107774123.5
2018-05-19,ETHJPY,77083.99,79058.72,73945.05,76475.01,1395.3,108202569
2018-05-20,ETHJPY,76475.01,80693.92,76383.04,79247,462.71,36483287.26
2018-05-21,ETHJPY,79247,79782.95,76429,77254,616.42,48330407.97
2018-05-22,ETHJPY,77254,77755.99,70500,71242,805.78,59387587.45
2018-05-23,ETHJPY,71242,72350.98,62527,64200,1161.86,80159177.77
2018-05-24,ETHJPY,64200,69299.9,61003,65588.04,555.21,35823909.65
2018-05-25,ETHJPY,65588.04,68253,62573.25,65000,514.2,33878096.8
2018-05-26,ETHJPY,65000,67498.14,63695,64200,182.46,11945386.86
2018-05-27,ETHJPY,64200,65000,62000,63513.33,424.45,26749723.42
2018-05-28,ETHJPY,63513.33,63863.08,55580.44,56560,2365.03,140142890.5
2018-05-29,ETHJPY,56560,63357.15,55980,61288.58,1387.23,83927438.56
2018-05-30,ETHJPY,61288.58,64044.99,59003.01,61902.99,1426.8,87056436.23
2018-05-31,ETHJPY,61902.99,63955.03,60450.01,62945.72,1291.33,80554406.62
2018-06-01,ETHJPY,62945.72,64675.99,574.22,63215,1047.69,65955645.97
2018-06-02,ETHJPY,63215,65578.92,63215,64303.29,558.21,35996055.4
2018-06-03,ETHJPY,64303.29,69522,64303.29,67800,465.97,31333758.75
2018-06-04,ETHJPY,67800,68575.36,63690,65037,890.3,59425724.77
2018-06-05,ETHJPY,65037,70184.91,63500,66838.67,476.43,31174394.88
2018-06-06,ETHJPY,66838.67,67917.99,65119.04,66772.59,768.62,50938125.09
2018-06-07,ETHJPY,66772.59,68517,65395.03,66094.01,471.95,31486384.49
2018-06-08,ETHJPY,66094.01,66914,64070.02,65802.92,656.22,43230371.67
2018-06-09,ETHJPY,65802.92,66833,65239,65263.07,204.48,13544981.27
2018-06-10,ETHJPY,65263.07,65263.07,55002,57187,1610.23,95495827.86
2018-06-11,ETHJPY,57187,60400,55502.64,58117.55,3449.38,199786216.4
2018-06-12,ETHJPY,58117.55,60349,53501,54336.92,2049.93,116798366.7
2018-06-13,ETHJPY,54336.92,56265.99,50150.02,52303,2542.64,134362648.7
2018-06-14,ETHJPY,52303,59241.74,51366.34,57601,3028.82,166149789.4
2018-06-15,ETHJPY,57601,58267,54001,54484.7,1101.69,61831557.74
2018-06-16,ETHJPY,54484.7,55849,54034,55338.99,333.34,18345043.02
2018-06-17,ETHJPY,55338.99,56446,55191,55191,159.52,8872372.73
2018-06-18,ETHJPY,55191,57787.24,54203,57005.85,1809.23,99912916.61
2018-06-19,ETHJPY,57005.85,59835,56070.04,58806.11,1703.59,98048763.35
2018-06-20,ETHJPY,58806.11,59786,56801,59274.98,1884.59,108805867.8
2018-06-21,ETHJPY,59274.98,60170.97,57412,58051.92,2119.59,123602557.1
2018-06-22,ETHJPY,58051.92,58062.97,49646.01,50908.46,5516.42,296021176.7
2018-06-23,ETHJPY,50908.46,53123,50001.05,52403.99,2038.63,104860175.4
2018-06-24,ETHJPY,52403.99,52403.99,47000,49725,2278.61,112563180.9
2018-06-25,ETHJPY,49725,52156,48770,50435.99,6654.38,333731320.8
2018-06-26,ETHJPY,50435.99,51019,47203.02,47479.93,2952.09,144038365.9
2018-06-27,ETHJPY,47479.93,49298,46678.01,48672,3288.12,157268687.4
2018-06-28,ETHJPY,48672,49291.99,46120.48,46790,2371.46,112811232.4
2018-06-29,ETHJPY,46790,48902,45100,48504,1800.04,83531426.71
2018-06-30,ETHJPY,48504,51337.99,48504,50258.02,1366.38,68302313.17
2018-07-01,ETHJPY,50258.02,50630,49120.05,50025.87,626.64,31322376.63
2018-07-02,ETHJPY,50025.87,53415,49209.01,52685.98,1279.55,65903141.23
2018-07-03,ETHJPY,52685.98,53984,50779.08,51152.4,881.76,46091195.68
2018-07-04,ETHJPY,51152.4,53489.99,49747.68,51632.99,1211.35,62808305.83
2018-07-05,ETHJPY,51632.99,53000,50653,51870.56,1050.95,54777435.48
2018-07-06,ETHJPY,51870.56,53000,50004.01,53000,1051.78,53825608.5
2018-07-07,ETHJPY,53000,53711.91,51204.38,53318.86,480.68,25155968.02
2018-07-08,ETHJPY,53318.86,54761.99,53110.75,53600.18,628.16,33676282.88
2018-07-09,ETHJPY,53600.18,54341,52098.03,52356.99,1167.33,62170696.14
2018-07-10,ETHJPY,52356.99,52447.95,49318.02,49565.8,1030.41,52295222.39
